,neutral,positive,negative
neutral,1.0,0.039370020313464434,0.37644614281365474
positive,0.039370020313464434,1.0,0.02947428893661312
negative,0.37644614281365474,0.02947428893661312,1.0
